Workbook

Sheet souhrn
A1: Souhrnný výkaz – maturitní projekt | R1: =NOW() -> 45351.927
A3: mzdové náklady
A4: Zaměstnanec (žák) | D4: Konzultant
A5: měsíc | B5: odpracováno dnů | C5: odpracováno hodin | D5: měsíc | E5: odpracováno dnů | F5: odpracováno hodin
A6: říjen | B6: 5 | C6: 20 | D6: říjen | E6: =říjen!$D$57 -> 0 | F6: =říjen!$C$57 -> 0
A7: listopad | B7: 9 | C7: 20 | D7: listopad | E7: =listopad!$D$57 -> 0 | F7: =listopad!$C$57 -> 0
A8: prosinec | B8: 8 | C8: 24 | D8: prosinec | E8: 1 | F8: 1
A9: leden | B9: 6 | C9: 30 | D9: leden | E9: =leden!$D$57 -> 0 | F9: =leden!$C$57 -> 0
A10: únor | B10: 15 | C10: 25 | D10: únor | E10: 1 | F10: 1
A11: březen | B11: =březen!$D$36 -> 0 | C11: =březen!$C$36 -> 0 | D11: březen | E11: 0 | F11: =březen!$C$57 -> 0
A12: celkem | B12: =SUM(B6:B11) -> 43 | C12: =SUM(C6:C11) -> 119 | D12: celkem | E12: =SUM(E6:E11) -> 2 | F12: =SUM(F6:F11) -> 2
A13: mzda – hodinová | B13: 200 | C13: Kč | D13: mzda – hodinová | E13: 500 | F13: Kč
A14: celkem mzda | C14: =B13*C12 -> 23800 | D14: celkem mzda | F14: =E13*F12 -> 1000
A16: Náklady
A17: materiál - nakoupený | B17: materiál - virtuální
A18: ='náklady – materiál'!D48 -> 794 | B18: ='náklady – materiál'!E48 -> 0
A20: Celkové náklady
A21: Zaměstnanec (žák) | B21: =C14 -> 23800
A22: Konzultanti | B22: =F14 -> 1000
A23: Náklady – materiál | B23: =A18+B18 -> 794
A24: Náklady – strojní | B24: =D18 -> 0
A25: celkem | B25: =SUM(B21:C24) -> 25594
A27: Datum a podpis:

Sheet náklady – materiál
A1: Seznam nakoupeného (darovaného) materiálu
A3: datum | B3: položka | C3: ks | D3: celková cena (vč. DPH) | E3: cena virtuální (vč. DPH)
A4: 45174 | B4: HGSEMI Posuvný registr 74HC595N, DIP-16 | C4: 8 | D4: 96 | G4: Legenda:
A5: 45174 | B5: LED dioda 5mm | C5: 513 | D5: 513 | G5: U darovaného, či jinak bezplatně získaného materiálu do ceny uvádějte 0.
A6: 45174 | B6: ASAIR senzor teploty a vlhkosti vzduchu DHT11 | C6: 1 | D6: 48 | G6: U stejných položek pak uveďte cenu odhadem, či dle eshopu, atd. do položky virtuální cena.
A7: 45174 | B7: RTC Hodiny reálného času DS1302 | C7: 1 | D7: 19
A8: 45174 | B8: Bluetooth modul HC-05 TTL | C8: 1 | D8: 118 | G8: Elektro obory:
A9: 45174 | B9: Arduino Mega | C9: 1 | D9: 0 | G9: Týká se všech součástek, kabelů, mech. dílů pro zhotovení projektu
A10: 45174 | B10: Plošný spoj | C10: 1 | D10: 0
A11: 45174 | B11: Dřevěná konstrukce | C11: 1 | D11: 0 | G11: IT obory:
A12: 45174 | B12: Konstrukce z plexiskla | C12: 1 | D12: 0 | G12: Týká se všech zařízení použitých v projektu, vč. nacenění HW u prací zaměřených na sítě.
A13: 45174 | B13: konektory | C13: 9 | D13: 0 | G13: Týká se všech objektů bezplatných i kupovaných např. do 3D grafických programů, pluginů, šablon, fontů, atd.
A14: 45174 | B14: Rezistory | C14: 100 | D14: 0
A15: 45174 | B15: Spínač | C15: 1 | D15: 0
G16: Strojní obory:
G17: Týká se všech nástrojů či strojů potřebných pro výrobu součástí, pro kterou je vypracován technologický postup.
C48: celkem | D48: =SUM(D4:D47) -> 794 | E48: =SUM(E4:E47) -> 0

Sheet říjen
A1: Pracovní výkaz za měsíc | C1: říjen | D1: 2023 | R1: =NOW() -> 45351.927
A3: Zaměstnanec (žák)
A4: datum | B4: den | C4: odpracováno hodin | D4: náplň práce (stručně)
A5: 45200 | B5: =IF(WEEKDAY(A5)=1, "neděle",IF(WEEKDAY(A5)=2,"pondělí",IF(WEEKDAY(A5)=3,"úterý",IF(WEEKDAY(A5)=4,"středa",IF(WEEKDAY(A5)=5,"čtvrtek",IF(WEEKDAY(A5)=6,"pátek","sobota")))))) -> neděle
A6: 45201 | B6: =IF(WEEKDAY(A6)=1, "neděle",IF(WEEKDAY(A6)=2,"pondělí",IF(WEEKDAY(A6)=3,"úterý",IF(WEEKDAY(A6)=4,"středa",IF(WEEKDAY(A6)=5,"čtvrtek",IF(WEEKDAY(A6)=6,"pátek","sobota")))))) -> pondělí | C6: 4 | D6: Program
A7: 45202 | B7: =IF(WEEKDAY(A7)=1, "neděle",IF(WEEKDAY(A7)=2,"pondělí",IF(WEEKDAY(A7)=3,"úterý",IF(WEEKDAY(A7)=4,"středa",IF(WEEKDAY(A7)=5,"čtvrtek",IF(WEEKDAY(A7)=6,"pátek","sobota")))))) -> úterý | C7: 4 | D7: Program
A8: 45203 | B8: =IF(WEEKDAY(A8)=1, "neděle",IF(WEEKDAY(A8)=2,"pondělí",IF(WEEKDAY(A8)=3,"úterý",IF(WEEKDAY(A8)=4,"středa",IF(WEEKDAY(A8)=5,"čtvrtek",IF(WEEKDAY(A8)=6,"pátek","sobota")))))) -> středa
A9: 45204 | B9: =IF(WEEKDAY(A9)=1, "neděle",IF(WEEKDAY(A9)=2,"pondělí",IF(WEEKDAY(A9)=3,"úterý",IF(WEEKDAY(A9)=4,"středa",IF(WEEKDAY(A9)=5,"čtvrtek",IF(WEEKDAY(A9)=6,"pátek","sobota")))))) -> čtvrtek
A10: 45205 | B10: =IF(WEEKDAY(A10)=1, "neděle",IF(WEEKDAY(A10)=2,"pondělí",IF(WEEKDAY(A10)=3,"úterý",IF(WEEKDAY(A10)=4,"středa",IF(WEEKDAY(A10)=5,"čtvrtek",IF(WEEKDAY(A10)=6,"pátek","sobota")))))) -> pátek
A11: 45206 | B11: =IF(WEEKDAY(A11)=1, "neděle",IF(WEEKDAY(A11)=2,"pondělí",IF(WEEKDAY(A11)=3,"úterý",IF(WEEKDAY(A11)=4,"středa",IF(WEEKDAY(A11)=5,"čtvrtek",IF(WEEKDAY(A11)=6,"pátek","sobota")))))) -> sobota
A12: 45207 | B12: =IF(WEEKDAY(A12)=1, "neděle",IF(WEEKDAY(A12)=2,"pondělí",IF(WEEKDAY(A12)=3,"úterý",IF(WEEKDAY(A12)=4,"středa",IF(WEEKDAY(A12)=5,"čtvrtek",IF(WEEKDAY(A12)=6,"pátek","sobota")))))) -> neděle
A13: 45208 | B13: =IF(WEEKDAY(A13)=1, "neděle",IF(WEEKDAY(A13)=2,"pondělí",IF(WEEKDAY(A13)=3,"úterý",IF(WEEKDAY(A13)=4,"středa",IF(WEEKDAY(A13)=5,"čtvrtek",IF(WEEKDAY(A13)=6,"pátek","sobota")))))) -> pondělí | C13: 4 | D13: Program
A14: 45209 | B14: =IF(WEEKDAY(A14)=1, "neděle",IF(WEEKDAY(A14)=2,"pondělí",IF(WEEKDAY(A14)=3,"úterý",IF(WEEKDAY(A14)=4,"středa",IF(WEEKDAY(A14)=5,"čtvrtek",IF(WEEKDAY(A14)=6,"pátek","sobota")))))) -> úterý
A15: 45210 | B15: =IF(WEEKDAY(A15)=1, "neděle",IF(WEEKDAY(A15)=2,"pondělí",IF(WEEKDAY(A15)=3,"úterý",IF(WEEKDAY(A15)=4,"středa",IF(WEEKDAY(A15)=5,"čtvrtek",IF(WEEKDAY(A15)=6,"pátek","sobota")))))) -> středa
A16: 45211 | B16: =IF(WEEKDAY(A16)=1, "neděle",IF(WEEKDAY(A16)=2,"pondělí",IF(WEEKDAY(A16)=3,"úterý",IF(WEEKDAY(A16)=4,"středa",IF(WEEKDAY(A16)=5,"čtvrtek",IF(WEEKDAY(A16)=6,"pátek","sobota")))))) -> čtvrtek
A17: 45212 | B17: =IF(WEEKDAY(A17)=1, "neděle",IF(WEEKDAY(A17)=2,"pondělí",IF(WEEKDAY(A17)=3,"úterý",IF(WEEKDAY(A17)=4,"středa",IF(WEEKDAY(A17)=5,"čtvrtek",IF(WEEKDAY(A17)=6,"pátek","sobota")))))) -> pátek
A18: 45213 | B18: =IF(WEEKDAY(A18)=1, "neděle",IF(WEEKDAY(A18)=2,"pondělí",IF(WEEKDAY(A18)=3,"úterý",IF(WEEKDAY(A18)=4,"středa",IF(WEEKDAY(A18)=5,"čtvrtek",IF(WEEKDAY(A18)=6,"pátek","sobota")))))) -> sobota | C18: 4 | D18: Program
A19: 45214 | B19: =IF(WEEKDAY(A19)=1, "neděle",IF(WEEKDAY(A19)=2,"pondělí",IF(WEEKDAY(A19)=3,"úterý",IF(WEEKDAY(A19)=4,"středa",IF(WEEKDAY(A19)=5,"čtvrtek",IF(WEEKDAY(A19)=6,"pátek","sobota")))))) -> neděle
A20: 45215 | B20: =IF(WEEKDAY(A20)=1, "neděle",IF(WEEKDAY(A20)=2,"pondělí",IF(WEEKDAY(A20)=3,"úterý",IF(WEEKDAY(A20)=4,"středa",IF(WEEKDAY(A20)=5,"čtvrtek",IF(WEEKDAY(A20)=6,"pátek","sobota")))))) -> pondělí
A21: 45216 | B21: =IF(WEEKDAY(A21)=1, "neděle",IF(WEEKDAY(A21)=2,"pondělí",IF(WEEKDAY(A21)=3,"úterý",IF(WEEKDAY(A21)=4,"středa",IF(WEEKDAY(A21)=5,"čtvrtek",IF(WEEKDAY(A21)=6,"pátek","sobota")))))) -> úterý
A22: 45217 | B22: =IF(WEEKDAY(A22)=1, "neděle",IF(WEEKDAY(A22)=2,"pondělí",IF(WEEKDAY(A22)=3,"úterý",IF(WEEKDAY(A22)=4,"středa",IF(WEEKDAY(A22)=5,"čtvrtek",IF(WEEKDAY(A22)=6,"pátek","sobota")))))) -> středa
A23: 45218 | B23: =IF(WEEKDAY(A23)=1, "neděle",IF(WEEKDAY(A23)=2,"pondělí",IF(WEEKDAY(A23)=3,"úterý",IF(WEEKDAY(A23)=4,"středa",IF(WEEKDAY(A23)=5,"čtvrtek",IF(WEEKDAY(A23)=6,"pátek","sobota")))))) -> čtvrtek
A24: 45219 | B24: =IF(WEEKDAY(A24)=1, "neděle",IF(WEEKDAY(A24)=2,"pondělí",IF(WEEKDAY(A24)=3,"úterý",IF(WEEKDAY(A24)=4,"středa",IF(WEEKDAY(A24)=5,"čtvrtek",IF(WEEKDAY(A24)=6,"pátek","sobota")))))) -> pátek
A25: 45220 | B25: =IF(WEEKDAY(A25)=1, "neděle",IF(WEEKDAY(A25)=2,"pondělí",IF(WEEKDAY(A25)=3,"úterý",IF(WEEKDAY(A25)=4,"středa",IF(WEEKDAY(A25)=5,"čtvrtek",IF(WEEKDAY(A25)=6,"pátek","sobota")))))) -> sobota
A26: 45221 | B26: =IF(WEEKDAY(A26)=1, "neděle",IF(WEEKDAY(A26)=2,"pondělí",IF(WEEKDAY(A26)=3,"úterý",IF(WEEKDAY(A26)=4,"středa",IF(WEEKDAY(A26)=5,"čtvrtek",IF(WEEKDAY(A26)=6,"pátek","sobota")))))) -> neděle | C26: 4 | D26: Program
A27: 45222 | B27: =IF(WEEKDAY(A27)=1, "neděle",IF(WEEKDAY(A27)=2,"pondělí",IF(WEEKDAY(A27)=3,"úterý",IF(WEEKDAY(A27)=4,"středa",IF(WEEKDAY(A27)=5,"čtvrtek",IF(WEEKDAY(A27)=6,"pátek","sobota")))))) -> pondělí
A28: 45223 | B28: =IF(WEEKDAY(A28)=1, "neděle",IF(WEEKDAY(A28)=2,"pondělí",IF(WEEKDAY(A28)=3,"úterý",IF(WEEKDAY(A28)=4,"středa",IF(WEEKDAY(A28)=5,"čtvrtek",IF(WEEKDAY(A28)=6,"pátek","sobota")))))) -> úterý
A29: 45224 | B29: =IF(WEEKDAY(A29)=1, "neděle",IF(WEEKDAY(A29)=2,"pondělí",IF(WEEKDAY(A29)=3,"úterý",IF(WEEKDAY(A29)=4,"středa",IF(WEEKDAY(A29)=5,"čtvrtek",IF(WEEKDAY(A29)=6,"pátek","sobota")))))) -> středa
A30: 45225 | B30: =IF(WEEKDAY(A30)=1, "neděle",IF(WEEKDAY(A30)=2,"pondělí",IF(WEEKDAY(A30)=3,"úterý",IF(WEEKDAY(A30)=4,"středa",IF(WEEKDAY(A30)=5,"čtvrtek",IF(WEEKDAY(A30)=6,"pátek","sobota")))))) -> čtvrtek
A31: 45226 | B31: =IF(WEEKDAY(A31)=1, "neděle",IF(WEEKDAY(A31)=2,"pondělí",IF(WEEKDAY(A31)=3,"úterý",IF(WEEKDAY(A31)=4,"středa",IF(WEEKDAY(A31)=5,"čtvrtek",IF(WEEKDAY(A31)=6,"pátek","sobota")))))) -> pátek
A32: 45227 | B32: =IF(WEEKDAY(A32)=1, "neděle",IF(WEEKDAY(A32)=2,"pondělí",IF(WEEKDAY(A32)=3,"úterý",IF(WEEKDAY(A32)=4,"středa",IF(WEEKDAY(A32)=5,"čtvrtek",IF(WEEKDAY(A32)=6,"pátek","sobota")))))) -> sobota
A33: 45228 | B33: =IF(WEEKDAY(A33)=1, "neděle",IF(WEEKDAY(A33)=2,"pondělí",IF(WEEKDAY(A33)=3,"úterý",IF(WEEKDAY(A33)=4,"středa",IF(WEEKDAY(A33)=5,"čtvrtek",IF(WEEKDAY(A33)=6,"pátek","sobota")))))) -> neděle
A34: 45229 | B34: =IF(WEEKDAY(A34)=1, "neděle",IF(WEEKDAY(A34)=2,"pondělí",IF(WEEKDAY(A34)=3,"úterý",IF(WEEKDAY(A34)=4,"středa",IF(WEEKDAY(A34)=5,"čtvrtek",IF(WEEKDAY(A34)=6,"pátek","sobota")))))) -> pondělí
A35: 45230 | B35: =IF(WEEKDAY(A35)=1, "neděle",IF(WEEKDAY(A35)=2,"pondělí",IF(WEEKDAY(A35)=3,"úterý",IF(WEEKDAY(A35)=4,"středa",IF(WEEKDAY(A35)=5,"čtvrtek",IF(WEEKDAY(A35)=6,"pátek","sobota")))))) -> úterý
A36: celkem | C36: =SUM(C5:C35) -> 20 | D36: =COUNT(C5:C35) -> 5
A38: Konzultant
A39: jméno | B39: datum | C39: hodin
A57: celkem | C57: =SUM(C40:C56) -> 0 | D57: =COUNT(C40:C56) -> 0

Sheet listopad
A1: Pracovní výkaz za měsíc | C1: listopad | D1: 2023 | R1: =NOW() -> 45351.927
A3: Zaměstnanec (žák)
A4: datum | B4: den | C4: odpracováno hodin | D4: náplň práce (stručně)
A5: 45231 | B5: =IF(WEEKDAY(A5)=1, "neděle",IF(WEEKDAY(A5)=2,"pondělí",IF(WEEKDAY(A5)=3,"úterý",IF(WEEKDAY(A5)=4,"středa",IF(WEEKDAY(A5)=5,"čtvrtek",IF(WEEKDAY(A5)=6,"pátek","sobota")))))) -> středa
A6: 45232 | B6: =IF(WEEKDAY(A6)=1, "neděle",IF(WEEKDAY(A6)=2,"pondělí",IF(WEEKDAY(A6)=3,"úterý",IF(WEEKDAY(A6)=4,"středa",IF(WEEKDAY(A6)=5,"čtvrtek",IF(WEEKDAY(A6)=6,"pátek","sobota")))))) -> čtvrtek
A7: 45233 | B7: =IF(WEEKDAY(A7)=1, "neděle",IF(WEEKDAY(A7)=2,"pondělí",IF(WEEKDAY(A7)=3,"úterý",IF(WEEKDAY(A7)=4,"středa",IF(WEEKDAY(A7)=5,"čtvrtek",IF(WEEKDAY(A7)=6,"pátek","sobota")))))) -> pátek
A8: 45234 | B8: =IF(WEEKDAY(A8)=1, "neděle",IF(WEEKDAY(A8)=2,"pondělí",IF(WEEKDAY(A8)=3,"úterý",IF(WEEKDAY(A8)=4,"středa",IF(WEEKDAY(A8)=5,"čtvrtek",IF(WEEKDAY(A8)=6,"pátek","sobota")))))) -> sobota | C8: 10 | D8: Textová část
A9: 45235 | B9: =IF(WEEKDAY(A9)=1, "neděle",IF(WEEKDAY(A9)=2,"pondělí",IF(WEEKDAY(A9)=3,"úterý",IF(WEEKDAY(A9)=4,"středa",IF(WEEKDAY(A9)=5,"čtvrtek",IF(WEEKDAY(A9)=6,"pátek","sobota")))))) -> neděle | C9: 2 | D9: Program
A10: 45236 | B10: =IF(WEEKDAY(A10)=1, "neděle",IF(WEEKDAY(A10)=2,"pondělí",IF(WEEKDAY(A10)=3,"úterý",IF(WEEKDAY(A10)=4,"středa",IF(WEEKDAY(A10)=5,"čtvrtek",IF(WEEKDAY(A10)=6,"pátek","sobota")))))) -> pondělí | C10: 1 | D10: Program
A11: 45237 | B11: =IF(WEEKDAY(A11)=1, "neděle",IF(WEEKDAY(A11)=2,"pondělí",IF(WEEKDAY(A11)=3,"úterý",IF(WEEKDAY(A11)=4,"středa",IF(WEEKDAY(A11)=5,"čtvrtek",IF(WEEKDAY(A11)=6,"pátek","sobota")))))) -> úterý | C11: 1 | D11: Program
A12: 45238 | B12: =IF(WEEKDAY(A12)=1, "neděle",IF(WEEKDAY(A12)=2,"pondělí",IF(WEEKDAY(A12)=3,"úterý",IF(WEEKDAY(A12)=4,"středa",IF(WEEKDAY(A12)=5,"čtvrtek",IF(WEEKDAY(A12)=6,"pátek","sobota")))))) -> středa | C12: 1 | D12: Program
A13: 45239 | B13: =IF(WEEKDAY(A13)=1, "neděle",IF(WEEKDAY(A13)=2,"pondělí",IF(WEEKDAY(A13)=3,"úterý",IF(WEEKDAY(A13)=4,"středa",IF(WEEKDAY(A13)=5,"čtvrtek",IF(WEEKDAY(A13)=6,"pátek","sobota")))))) -> čtvrtek | C13: 1 | D13: Program
A14: 45240 | B14: =IF(WEEKDAY(A14)=1, "neděle",IF(WEEKDAY(A14)=2,"pondělí",IF(WEEKDAY(A14)=3,"úterý",IF(WEEKDAY(A14)=4,"středa",IF(WEEKDAY(A14)=5,"čtvrtek",IF(WEEKDAY(A14)=6,"pátek","sobota")))))) -> pátek | C14: 1 | D14: Program
A15: 45241 | B15: =IF(WEEKDAY(A15)=1, "neděle",IF(WEEKDAY(A15)=2,"pondělí",IF(WEEKDAY(A15)=3,"úterý",IF(WEEKDAY(A15)=4,"středa",IF(WEEKDAY(A15)=5,"čtvrtek",IF(WEEKDAY(A15)=6,"pátek","sobota")))))) -> sobota | C15: 1 | D15: Program
A16: 45242 | B16: =IF(WEEKDAY(A16)=1, "neděle",IF(WEEKDAY(A16)=2,"pondělí",IF(WEEKDAY(A16)=3,"úterý",IF(WEEKDAY(A16)=4,"středa",IF(WEEKDAY(A16)=5,"čtvrtek",IF(WEEKDAY(A16)=6,"pátek","sobota")))))) -> neděle | C16: 1 | D16: Program
A17: 45243 | B17: =IF(WEEKDAY(A17)=1, "neděle",IF(WEEKDAY(A17)=2,"pondělí",IF(WEEKDAY(A17)=3,"úterý",IF(WEEKDAY(A17)=4,"středa",IF(WEEKDAY(A17)=5,"čtvrtek",IF(WEEKDAY(A17)=6,"pátek","sobota")))))) -> pondělí | C17: 1 | D17: Program
A18: 45244 | B18: =IF(WEEKDAY(A18)=1, "neděle",IF(WEEKDAY(A18)=2,"pondělí",IF(WEEKDAY(A18)=3,"úterý",IF(WEEKDAY(A18)=4,"středa",IF(WEEKDAY(A18)=5,"čtvrtek",IF(WEEKDAY(A18)=6,"pátek","sobota")))))) -> úterý
A19: 45245 | B19: =IF(WEEKDAY(A19)=1, "neděle",IF(WEEKDAY(A19)=2,"pondělí",IF(WEEKDAY(A19)=3,"úterý",IF(WEEKDAY(A19)=4,"středa",IF(WEEKDAY(A19)=5,"čtvrtek",IF(WEEKDAY(A19)=6,"pátek","sobota")))))) -> středa
A20: 45246 | B20: =IF(WEEKDAY(A20)=1, "neděle",IF(WEEKDAY(A20)=2,"pondělí",IF(WEEKDAY(A20)=3,"úterý",IF(WEEKDAY(A20)=4,"středa",IF(WEEKDAY(A20)=5,"čtvrtek",IF(WEEKDAY(A20)=6,"pátek","sobota")))))) -> čtvrtek
A21: 45247 | B21: =IF(WEEKDAY(A21)=1, "neděle",IF(WEEKDAY(A21)=2,"pondělí",IF(WEEKDAY(A21)=3,"úterý",IF(WEEKDAY(A21)=4,"středa",IF(WEEKDAY(A21)=5,"čtvrtek",IF(WEEKDAY(A21)=6,"pátek","sobota")))))) -> pátek
A22: 45248 | B22: =IF(WEEKDAY(A22)=1, "neděle",IF(WEEKDAY(A22)=2,"pondělí",IF(WEEKDAY(A22)=3,"úterý",IF(WEEKDAY(A22)=4,"středa",IF(WEEKDAY(A22)=5,"čtvrtek",IF(WEEKDAY(A22)=6,"pátek","sobota")))))) -> sobota
A23: 45249 | B23: =IF(WEEKDAY(A23)=1, "neděle",IF(WEEKDAY(A23)=2,"pondělí",IF(WEEKDAY(A23)=3,"úterý",IF(WEEKDAY(A23)=4,"středa",IF(WEEKDAY(A23)=5,"čtvrtek",IF(WEEKDAY(A23)=6,"pátek","sobota")))))) -> neděle
A24: 45250 | B24: =IF(WEEKDAY(A24)=1, "neděle",IF(WEEKDAY(A24)=2,"pondělí",IF(WEEKDAY(A24)=3,"úterý",IF(WEEKDAY(A24)=4,"středa",IF(WEEKDAY(A24)=5,"čtvrtek",IF(WEEKDAY(A24)=6,"pátek","sobota")))))) -> pondělí
A25: 45251 | B25: =IF(WEEKDAY(A25)=1, "neděle",IF(WEEKDAY(A25)=2,"pondělí",IF(WEEKDAY(A25)=3,"úterý",IF(WEEKDAY(A25)=4,"středa",IF(WEEKDAY(A25)=5,"čtvrtek",IF(WEEKDAY(A25)=6,"pátek","sobota")))))) -> úterý
A26: 45252 | B26: =IF(WEEKDAY(A26)=1, "neděle",IF(WEEKDAY(A26)=2,"pondělí",IF(WEEKDAY(A26)=3,"úterý",IF(WEEKDAY(A26)=4,"středa",IF(WEEKDAY(A26)=5,"čtvrtek",IF(WEEKDAY(A26)=6,"pátek","sobota")))))) -> středa
A27: 45253 | B27: =IF(WEEKDAY(A27)=1, "neděle",IF(WEEKDAY(A27)=2,"pondělí",IF(WEEKDAY(A27)=3,"úterý",IF(WEEKDAY(A27)=4,"středa",IF(WEEKDAY(A27)=5,"čtvrtek",IF(WEEKDAY(A27)=6,"pátek","sobota")))))) -> čtvrtek
A28: 45254 | B28: =IF(WEEKDAY(A28)=1, "neděle",IF(WEEKDAY(A28)=2,"pondělí",IF(WEEKDAY(A28)=3,"úterý",IF(WEEKDAY(A28)=4,"středa",IF(WEEKDAY(A28)=5,"čtvrtek",IF(WEEKDAY(A28)=6,"pátek","sobota")))))) -> pátek
A29: 45255 | B29: =IF(WEEKDAY(A29)=1, "neděle",IF(WEEKDAY(A29)=2,"pondělí",IF(WEEKDAY(A29)=3,"úterý",IF(WEEKDAY(A29)=4,"středa",IF(WEEKDAY(A29)=5,"čtvrtek",IF(WEEKDAY(A29)=6,"pátek","sobota")))))) -> sobota
... A34: 45260 | B34: =IF(WEEKDAY(A34)=1, "neděle",IF(WEEKDAY(A34)=2,"pondělí",IF(WEEKDAY(A34)=3,"úterý",IF(WEEKDAY(A34)=4,"středa",IF(WEEKDAY(A34)=5,"čtvrtek",IF(WEEKDAY(A34)=6,"pátek","sobota")))))) -> čtvrtek
A36: celkem | C36: =SUM(C5:C34) -> 20 | D36: =COUNT(C5:C34) -> 10
A38: Konzultant
A39: jméno | B39: datum | C39: hodin
A57: celkem | C57: =SUM(C40:C56) -> 0 | D57: =COUNT(C40:C56) -> 0

Sheet prosinec
A1: Pracovní výkaz za měsíc | C1: prosinec | D1: 2023 | R1: =NOW() -> 45351.927
A3: Zaměstnanec (žák)
A4: datum | B4: den | C4: odpracováno hodin | D4: náplň práce (stručně)
A5: 45261 | B5: =IF(WEEKDAY(A5)=1, "neděle",IF(WEEKDAY(A5)=2,"pondělí",IF(WEEKDAY(A5)=3,"úterý",IF(WEEKDAY(A5)=4,"středa",IF(WEEKDAY(A5)=5,"čtvrtek",IF(WEEKDAY(A5)=6,"pátek","sobota")))))) -> pátek
A6: 45262 | B6: =IF(WEEKDAY(A6)=1, "neděle",IF(WEEKDAY(A6)=2,"pondělí",IF(WEEKDAY(A6)=3,"úterý",IF(WEEKDAY(A6)=4,"středa",IF(WEEKDAY(A6)=5,"čtvrtek",IF(WEEKDAY(A6)=6,"pátek","sobota")))))) -> sobota
A7: 45263 | B7: =IF(WEEKDAY(A7)=1, "neděle",IF(WEEKDAY(A7)=2,"pondělí",IF(WEEKDAY(A7)=3,"úterý",IF(WEEKDAY(A7)=4,"středa",IF(WEEKDAY(A7)=5,"čtvrtek",IF(WEEKDAY(A7)=6,"pátek","sobota")))))) -> neděle
A8: 45264 | B8: =IF(WEEKDAY(A8)=1, "neděle",IF(WEEKDAY(A8)=2,"pondělí",IF(WEEKDAY(A8)=3,"úterý",IF(WEEKDAY(A8)=4,"středa",IF(WEEKDAY(A8)=5,"čtvrtek",IF(WEEKDAY(A8)=6,"pátek","sobota")))))) -> pondělí | C8: 3 | D8: Konstrukce
A9: 45265 | B9: =IF(WEEKDAY(A9)=1, "neděle",IF(WEEKDAY(A9)=2,"pondělí",IF(WEEKDAY(A9)=3,"úterý",IF(WEEKDAY(A9)=4,"středa",IF(WEEKDAY(A9)=5,"čtvrtek",IF(WEEKDAY(A9)=6,"pátek","sobota")))))) -> úterý
A10: 45266 | B10: =IF(WEEKDAY(A10)=1, "neděle",IF(WEEKDAY(A10)=2,"pondělí",IF(WEEKDAY(A10)=3,"úterý",IF(WEEKDAY(A10)=4,"středa",IF(WEEKDAY(A10)=5,"čtvrtek",IF(WEEKDAY(A10)=6,"pátek","sobota")))))) -> středa
A11: 45267 | B11: =IF(WEEKDAY(A11)=1, "neděle",IF(WEEKDAY(A11)=2,"pondělí",IF(WEEKDAY(A11)=3,"úterý",IF(WEEKDAY(A11)=4,"středa",IF(WEEKDAY(A11)=5,"čtvrtek",IF(WEEKDAY(A11)=6,"pátek","sobota")))))) -> čtvrtek | C11: 3 | D11: Konstrukce
A12: 45268 | B12: =IF(WEEKDAY(A12)=1, "neděle",IF(WEEKDAY(A12)=2,"pondělí",IF(WEEKDAY(A12)=3,"úterý",IF(WEEKDAY(A12)=4,"středa",IF(WEEKDAY(A12)=5,"čtvrtek",IF(WEEKDAY(A12)=6,"pátek","sobota")))))) -> pátek
A13: 45269 | B13: =IF(WEEKDAY(A13)=1, "neděle",IF(WEEKDAY(A13)=2,"pondělí",IF(WEEKDAY(A13)=3,"úterý",IF(WEEKDAY(A13)=4,"středa",IF(WEEKDAY(A13)=5,"čtvrtek",IF(WEEKDAY(A13)=6,"pátek","sobota")))))) -> sobota
A14: 45270 | B14: =IF(WEEKDAY(A14)=1, "neděle",IF(WEEKDAY(A14)=2,"pondělí",IF(WEEKDAY(A14)=3,"úterý",IF(WEEKDAY(A14)=4,"středa",IF(WEEKDAY(A14)=5,"čtvrtek",IF(WEEKDAY(A14)=6,"pátek","sobota")))))) -> neděle | C14: 3 | D14: Konstrukce
A15: 45271 | B15: =IF(WEEKDAY(A15)=1, "neděle",IF(WEEKDAY(A15)=2,"pondělí",IF(WEEKDAY(A15)=3,"úterý",IF(WEEKDAY(A15)=4,"středa",IF(WEEKDAY(A15)=5,"čtvrtek",IF(WEEKDAY(A15)=6,"pátek","sobota")))))) -> pondělí
A16: 45272 | B16: =IF(WEEKDAY(A16)=1, "neděle",IF(WEEKDAY(A16)=2,"pondělí",IF(WEEKDAY(A16)=3,"úterý",IF(WEEKDAY(A16)=4,"středa",IF(WEEKDAY(A16)=5,"čtvrtek",IF(WEEKDAY(A16)=6,"pátek","sobota")))))) -> úterý | C16: 3 | D16: Konstrukce
A17: 45273 | B17: =IF(WEEKDAY(A17)=1, "neděle",IF(WEEKDAY(A17)=2,"pondělí",IF(WEEKDAY(A17)=3,"úterý",IF(WEEKDAY(A17)=4,"středa",IF(WEEKDAY(A17)=5,"čtvrtek",IF(WEEKDAY(A17)=6,"pátek","sobota")))))) -> středa
A18: 45274 | B18: =IF(WEEKDAY(A18)=1, "neděle",IF(WEEKDAY(A18)=2,"pondělí",IF(WEEKDAY(A18)=3,"úterý",IF(WEEKDAY(A18)=4,"středa",IF(WEEKDAY(A18)=5,"čtvrtek",IF(WEEKDAY(A18)=6,"pátek","sobota")))))) -> čtvrtek
A19: 45275 | B19: =IF(WEEKDAY(A19)=1, "neděle",IF(WEEKDAY(A19)=2,"pondělí",IF(WEEKDAY(A19)=3,"úterý",IF(WEEKDAY(A19)=4,"středa",IF(WEEKDAY(A19)=5,"čtvrtek",IF(WEEKDAY(A19)=6,"pátek","sobota")))))) -> pátek
A20: 45276 | B20: =IF(WEEKDAY(A20)=1, "neděle",IF(WEEKDAY(A20)=2,"pondělí",IF(WEEKDAY(A20)=3,"úterý",IF(WEEKDAY(A20)=4,"středa",IF(WEEKDAY(A20)=5,"čtvrtek",IF(WEEKDAY(A20)=6,"pátek","sobota")))))) -> sobota | C20: 3 | D20: Konstrukce
A21: 45277 | B21: =IF(WEEKDAY(A21)=1, "neděle",IF(WEEKDAY(A21)=2,"pondělí",IF(WEEKDAY(A21)=3,"úterý",IF(WEEKDAY(A21)=4,"středa",IF(WEEKDAY(A21)=5,"čtvrtek",IF(WEEKDAY(A21)=6,"pátek","sobota")))))) -> neděle
A22: 45278 | B22: =IF(WEEKDAY(A22)=1, "neděle",IF(WEEKDAY(A22)=2,"pondělí",IF(WEEKDAY(A22)=3,"úterý",IF(WEEKDAY(A22)=4,"středa",IF(WEEKDAY(A22)=5,"čtvrtek",IF(WEEKDAY(A22)=6,"pátek","sobota")))))) -> pondělí
A23: 45279 | B23: =IF(WEEKDAY(A23)=1, "neděle",IF(WEEKDAY(A23)=2,"pondělí",IF(WEEKDAY(A23)=3,"úterý",IF(WEEKDAY(A23)=4,"středa",IF(WEEKDAY(A23)=5,"čtvrtek",IF(WEEKDAY(A23)=6,"pátek","sobota")))))) -> úterý
A24: 45280 | B24: =IF(WEEKDAY(A24)=1, "neděle",IF(WEEKDAY(A24)=2,"pondělí",IF(WEEKDAY(A24)=3,"úterý",IF(WEEKDAY(A24)=4,"středa",IF(WEEKDAY(A24)=5,"čtvrtek",IF(WEEKDAY(A24)=6,"pátek","sobota")))))) -> středa
A25: 45281 | B25: =IF(WEEKDAY(A25)=1, "neděle",IF(WEEKDAY(A25)=2,"pondělí",IF(WEEKDAY(A25)=3,"úterý",IF(WEEKDAY(A25)=4,"středa",IF(WEEKDAY(A25)=5,"čtvrtek",IF(WEEKDAY(A25)=6,"pátek","sobota")))))) -> čtvrtek
A26: 45282 | B26: =IF(WEEKDAY(A26)=1, "neděle",IF(WEEKDAY(A26)=2,"pondělí",IF(WEEKDAY(A26)=3,"úterý",IF(WEEKDAY(A26)=4,"středa",IF(WEEKDAY(A26)=5,"čtvrtek",IF(WEEKDAY(A26)=6,"pátek","sobota")))))) -> pátek
A27: 45283 | B27: =IF(WEEKDAY(A27)=1, "neděle",IF(WEEKDAY(A27)=2,"pondělí",IF(WEEKDAY(A27)=3,"úterý",IF(WEEKDAY(A27)=4,"středa",IF(WEEKDAY(A27)=5,"čtvrtek",IF(WEEKDAY(A27)=6,"pátek","sobota")))))) -> sobota
A28: 45284 | B28: =IF(WEEKDAY(A28)=1, "neděle",IF(WEEKDAY(A28)=2,"pondělí",IF(WEEKDAY(A28)=3,"úterý",IF(WEEKDAY(A28)=4,"středa",IF(WEEKDAY(A28)=5,"čtvrtek",IF(WEEKDAY(A28)=6,"pátek","sobota")))))) -> neděle | C28: 3 | D28: Konstrukce
A29: 45285 | B29: =IF(WEEKDAY(A29)=1, "neděle",IF(WEEKDAY(A29)=2,"pondělí",IF(WEEKDAY(A29)=3,"úterý",IF(WEEKDAY(A29)=4,"středa",IF(WEEKDAY(A29)=5,"čtvrtek",IF(WEEKDAY(A29)=6,"pátek","sobota")))))) -> pondělí
A30: 45286 | B30: =IF(WEEKDAY(A30)=1, "neděle",IF(WEEKDAY(A30)=2,"pondělí",IF(WEEKDAY(A30)=3,"úterý",IF(WEEKDAY(A30)=4,"středa",IF(WEEKDAY(A30)=5,"čtvrtek",IF(WEEKDAY(A30)=6,"pátek","sobota")))))) -> úterý
A31: 45287 | B31: =IF(WEEKDAY(A31)=1, "neděle",IF(WEEKDAY(A31)=2,"pondělí",IF(WEEKDAY(A31)=3,"úterý",IF(WEEKDAY(A31)=4,"středa",IF(WEEKDAY(A31)=5,"čtvrtek",IF(WEEKDAY(A31)=6,"pátek","sobota")))))) -> středa | C31: 3 | D31: Konstrukce
A32: 45288 | B32: =IF(WEEKDAY(A32)=1, "neděle",IF(WEEKDAY(A32)=2,"pondělí",IF(WEEKDAY(A32)=3,"úterý",IF(WEEKDAY(A32)=4,"středa",IF(WEEKDAY(A32)=5,"čtvrtek",IF(WEEKDAY(A32)=6,"pátek","sobota")))))) -> čtvrtek
A33: 45289 | B33: =IF(WEEKDAY(A33)=1, "neděle",IF(WEEKDAY(A33)=2,"pondělí",IF(WEEKDAY(A33)=3,"úterý",IF(WEEKDAY(A33)=4,"středa",IF(WEEKDAY(A33)=5,"čtvrtek",IF(WEEKDAY(A33)=6,"pátek","sobota")))))) -> pátek | C33: 3 | D33: Konstrukce
A34: 45290 | B34: =IF(WEEKDAY(A34)=1, "neděle",IF(WEEKDAY(A34)=2,"pondělí",IF(WEEKDAY(A34)=3,"úterý",IF(WEEKDAY(A34)=4,"středa",IF(WEEKDAY(A34)=5,"čtvrtek",IF(WEEKDAY(A34)=6,"pátek","sobota")))))) -> sobota
A35: 45291 | B35: =IF(WEEKDAY(A35)=1, "neděle",IF(WEEKDAY(A35)=2,"pondělí",IF(WEEKDAY(A35)=3,"úterý",IF(WEEKDAY(A35)=4,"středa",IF(WEEKDAY(A35)=5,"čtvrtek",IF(WEEKDAY(A35)=6,"pátek","sobota")))))) -> neděle
A36: celkem | C36: =SUM(C5:C35) -> 24 | D36: =COUNT(C5:C35) -> 8
A38: Konzultant
A39: jméno | B39: datum | C39: hodin
A40: Ing. Vladimír Křivka, Phd | B40: 45275 | C40: 1 | D40: Konzultace ohledně textové části
A57: celkem | C57: =SUM(C40:C56) -> 1 | D57: =COUNT(C40:C56) -> 1

Sheet leden
A1: Pracovní výkaz za měsíc | C1: leden | D1: 2024 | R1: =NOW() -> 45351.927
A3: Zaměstnanec (žák)
A4: datum | B4: den | C4: odpracováno hodin | D4: náplň práce (stručně)
A5: 45292 | B5: =IF(WEEKDAY(A5)=1, "neděle",IF(WEEKDAY(A5)=2,"pondělí",IF(WEEKDAY(A5)=3,"úterý",IF(WEEKDAY(A5)=4,"středa",IF(WEEKDAY(A5)=5,"čtvrtek",IF(WEEKDAY(A5)=6,"pátek","sobota")))))) -> pondělí
A6: 45293 | B6: =IF(WEEKDAY(A6)=1, "neděle",IF(WEEKDAY(A6)=2,"pondělí",IF(WEEKDAY(A6)=3,"úterý",IF(WEEKDAY(A6)=4,"středa",IF(WEEKDAY(A6)=5,"čtvrtek",IF(WEEKDAY(A6)=6,"pátek","sobota")))))) -> úterý | C6: 2 | D6: Elektrická část
A7: 45294 | B7: =IF(WEEKDAY(A7)=1, "neděle",IF(WEEKDAY(A7)=2,"pondělí",IF(WEEKDAY(A7)=3,"úterý",IF(WEEKDAY(A7)=4,"středa",IF(WEEKDAY(A7)=5,"čtvrtek",IF(WEEKDAY(A7)=6,"pátek","sobota")))))) -> středa | C7: 2 | D7: Elektrická část
A8: 45295 | B8: =IF(WEEKDAY(A8)=1, "neděle",IF(WEEKDAY(A8)=2,"pondělí",IF(WEEKDAY(A8)=3,"úterý",IF(WEEKDAY(A8)=4,"středa",IF(WEEKDAY(A8)=5,"čtvrtek",IF(WEEKDAY(A8)=6,"pátek","sobota")))))) -> čtvrtek
A9: 45296 | B9: =IF(WEEKDAY(A9)=1, "neděle",IF(WEEKDAY(A9)=2,"pondělí",IF(WEEKDAY(A9)=3,"úterý",IF(WEEKDAY(A9)=4,"středa",IF(WEEKDAY(A9)=5,"čtvrtek",IF(WEEKDAY(A9)=6,"pátek","sobota")))))) -> pátek
A10: 45297 | B10: =IF(WEEKDAY(A10)=1, "neděle",IF(WEEKDAY(A10)=2,"pondělí",IF(WEEKDAY(A10)=3,"úterý",IF(WEEKDAY(A10)=4,"středa",IF(WEEKDAY(A10)=5,"čtvrtek",IF(WEEKDAY(A10)=6,"pátek","sobota")))))) -> sobota | C10: 5 | D10: Elektrická část
A11: 45298 | B11: =IF(WEEKDAY(A11)=1, "neděle",IF(WEEKDAY(A11)=2,"pondělí",IF(WEEKDAY(A11)=3,"úterý",IF(WEEKDAY(A11)=4,"středa",IF(WEEKDAY(A11)=5,"čtvrtek",IF(WEEKDAY(A11)=6,"pátek","sobota")))))) -> neděle
A12: 45299 | B12: =IF(WEEKDAY(A12)=1, "neděle",IF(WEEKDAY(A12)=2,"pondělí",IF(WEEKDAY(A12)=3,"úterý",IF(WEEKDAY(A12)=4,"středa",IF(WEEKDAY(A12)=5,"čtvrtek",IF(WEEKDAY(A12)=6,"pátek","sobota")))))) -> pondělí
A13: 45300 | B13: =IF(WEEKDAY(A13)=1, "neděle",IF(WEEKDAY(A13)=2,"pondělí",IF(WEEKDAY(A13)=3,"úterý",IF(WEEKDAY(A13)=4,"středa",IF(WEEKDAY(A13)=5,"čtvrtek",IF(WEEKDAY(A13)=6,"pátek","sobota")))))) -> úterý
A14: 45301 | B14: =IF(WEEKDAY(A14)=1, "neděle",IF(WEEKDAY(A14)=2,"pondělí",IF(WEEKDAY(A14)=3,"úterý",IF(WEEKDAY(A14)=4,"středa",IF(WEEKDAY(A14)=5,"čtvrtek",IF(WEEKDAY(A14)=6,"pátek","sobota")))))) -> středa
A15: 45302 | B15: =IF(WEEKDAY(A15)=1, "neděle",IF(WEEKDAY(A15)=2,"pondělí",IF(WEEKDAY(A15)=3,"úterý",IF(WEEKDAY(A15)=4,"středa",IF(WEEKDAY(A15)=5,"čtvrtek",IF(WEEKDAY(A15)=6,"pátek","sobota")))))) -> čtvrtek
A16: 45303 | B16: =IF(WEEKDAY(A16)=1, "neděle",IF(WEEKDAY(A16)=2,"pondělí",IF(WEEKDAY(A16)=3,"úterý",IF(WEEKDAY(A16)=4,"středa",IF(WEEKDAY(A16)=5,"čtvrtek",IF(WEEKDAY(A16)=6,"pátek","sobota")))))) -> pátek
A17: 45304 | B17: =IF(WEEKDAY(A17)=1, "neděle",IF(WEEKDAY(A17)=2,"pondělí",IF(WEEKDAY(A17)=3,"úterý",IF(WEEKDAY(A17)=4,"středa",IF(WEEKDAY(A17)=5,"čtvrtek",IF(WEEKDAY(A17)=6,"pátek","sobota")))))) -> sobota | C17: 5 | D17: Elektrická část
A18: 45305 | B18: =IF(WEEKDAY(A18)=1, "neděle",IF(WEEKDAY(A18)=2,"pondělí",IF(WEEKDAY(A18)=3,"úterý",IF(WEEKDAY(A18)=4,"středa",IF(WEEKDAY(A18)=5,"čtvrtek",IF(WEEKDAY(A18)=6,"pátek","sobota")))))) -> neděle
A19: 45306 | B19: =IF(WEEKDAY(A19)=1, "neděle",IF(WEEKDAY(A19)=2,"pondělí",IF(WEEKDAY(A19)=3,"úterý",IF(WEEKDAY(A19)=4,"středa",IF(WEEKDAY(A19)=5,"čtvrtek",IF(WEEKDAY(A19)=6,"pátek","sobota")))))) -> pondělí
A20: 45307 | B20: =IF(WEEKDAY(A20)=1, "neděle",IF(WEEKDAY(A20)=2,"pondělí",IF(WEEKDAY(A20)=3,"úterý",IF(WEEKDAY(A20)=4,"středa",IF(WEEKDAY(A20)=5,"čtvrtek",IF(WEEKDAY(A20)=6,"pátek","sobota")))))) -> úterý
A21: 45308 | B21: =IF(WEEKDAY(A21)=1, "neděle",IF(WEEKDAY(A21)=2,"pondělí",IF(WEEKDAY(A21)=3,"úterý",IF(WEEKDAY(A21)=4,"středa",IF(WEEKDAY(A21)=5,"čtvrtek",IF(WEEKDAY(A21)=6,"pátek","sobota")))))) -> středa
A22: 45309 | B22: =IF(WEEKDAY(A22)=1, "neděle",IF(WEEKDAY(A22)=2,"pondělí",IF(WEEKDAY(A22)=3,"úterý",IF(WEEKDAY(A22)=4,"středa",IF(WEEKDAY(A22)=5,"čtvrtek",IF(WEEKDAY(A22)=6,"pátek","sobota")))))) -> čtvrtek
A23: 45310 | B23: =IF(WEEKDAY(A23)=1, "neděle",IF(WEEKDAY(A23)=2,"pondělí",IF(WEEKDAY(A23)=3,"úterý",IF(WEEKDAY(A23)=4,"středa",IF(WEEKDAY(A23)=5,"čtvrtek",IF(WEEKDAY(A23)=6,"pátek","sobota")))))) -> pátek
A24: 45311 | B24: =IF(WEEKDAY(A24)=1, "neděle",IF(WEEKDAY(A24)=2,"pondělí",IF(WEEKDAY(A24)=3,"úterý",IF(WEEKDAY(A24)=4,"středa",IF(WEEKDAY(A24)=5,"čtvrtek",IF(WEEKDAY(A24)=6,"pátek","sobota")))))) -> sobota | C24: 10 | D24: Textová část
A25: 45312 | B25: =IF(WEEKDAY(A25)=1, "neděle",IF(WEEKDAY(A25)=2,"pondělí",IF(WEEKDAY(A25)=3,"úterý",IF(WEEKDAY(A25)=4,"středa",IF(WEEKDAY(A25)=5,"čtvrtek",IF(WEEKDAY(A25)=6,"pátek","sobota")))))) -> neděle
A26: 45313 | B26: =IF(WEEKDAY(A26)=1, "neděle",IF(WEEKDAY(A26)=2,"pondělí",IF(WEEKDAY(A26)=3,"úterý",IF(WEEKDAY(A26)=4,"středa",IF(WEEKDAY(A26)=5,"čtvrtek",IF(WEEKDAY(A26)=6,"pátek","sobota")))))) -> pondělí
A27: 45314 | B27: =IF(WEEKDAY(A27)=1, "neděle",IF(WEEKDAY(A27)=2,"pondělí",IF(WEEKDAY(A27)=3,"úterý",IF(WEEKDAY(A27)=4,"středa",IF(WEEKDAY(A27)=5,"čtvrtek",IF(WEEKDAY(A27)=6,"pátek","sobota")))))) -> úterý | C27: 1 | D27: Elektrická část
A28: 45315 | B28: =IF(WEEKDAY(A28)=1, "neděle",IF(WEEKDAY(A28)=2,"pondělí",IF(WEEKDAY(A28)=3,"úterý",IF(WEEKDAY(A28)=4,"středa",IF(WEEKDAY(A28)=5,"čtvrtek",IF(WEEKDAY(A28)=6,"pátek","sobota")))))) -> středa | C28: 1 | D28: Elektrická část
A29: 45316 | B29: =IF(WEEKDAY(A29)=1, "neděle",IF(WEEKDAY(A29)=2,"pondělí",IF(WEEKDAY(A29)=3,"úterý",IF(WEEKDAY(A29)=4,"středa",IF(WEEKDAY(A29)=5,"čtvrtek",IF(WEEKDAY(A29)=6,"pátek","sobota")))))) -> čtvrtek | C29: 1 | D29: Elektrická část
A30: 45317 | B30: =IF(WEEKDAY(A30)=1, "neděle",IF(WEEKDAY(A30)=2,"pondělí",IF(WEEKDAY(A30)=3,"úterý",IF(WEEKDAY(A30)=4,"středa",IF(WEEKDAY(A30)=5,"čtvrtek",IF(WEEKDAY(A30)=6,"pátek","sobota")))))) -> pátek | C30: 1 | D30: Elektrická část
A31: 45318 | B31: =IF(WEEKDAY(A31)=1, "neděle",IF(WEEKDAY(A31)=2,"pondělí",IF(WEEKDAY(A31)=3,"úterý",IF(WEEKDAY(A31)=4,"středa",IF(WEEKDAY(A31)=5,"čtvrtek",IF(WEEKDAY(A31)=6,"pátek","sobota")))))) -> sobota | C31: 1 | D31: Elektrická část
A32: 45319 | B32: =IF(WEEKDAY(A32)=1, "neděle",IF(WEEKDAY(A32)=2,"pondělí",IF(WEEKDAY(A32)=3,"úterý",IF(WEEKDAY(A32)=4,"středa",IF(WEEKDAY(A32)=5,"čtvrtek",IF(WEEKDAY(A32)=6,"pátek","sobota")))))) -> neděle | C32: 1 | D32: Elektrická část
A33: 45320 | B33: =IF(WEEKDAY(A33)=1, "neděle",IF(WEEKDAY(A33)=2,"pondělí",IF(WEEKDAY(A33)=3,"úterý",IF(WEEKDAY(A33)=4,"středa",IF(WEEKDAY(A33)=5,"čtvrtek",IF(WEEKDAY(A33)=6,"pátek","sobota")))))) -> pondělí
A34: 45321 | B34: =IF(WEEKDAY(A34)=1, "neděle",IF(WEEKDAY(A34)=2,"pondělí",IF(WEEKDAY(A34)=3,"úterý",IF(WEEKDAY(A34)=4,"středa",IF(WEEKDAY(A34)=5,"čtvrtek",IF(WEEKDAY(A34)=6,"pátek","sobota")))))) -> úterý
A35: 45322 | B35: =IF(WEEKDAY(A35)=1, "neděle",IF(WEEKDAY(A35)=2,"pondělí",IF(WEEKDAY(A35)=3,"úterý",IF(WEEKDAY(A35)=4,"středa",IF(WEEKDAY(A35)=5,"čtvrtek",IF(WEEKDAY(A35)=6,"pátek","sobota")))))) -> středa
A36: celkem | C36: =SUM(C5:C35) -> 30 | D36: =COUNT(C5:C35) -> 11
A38: Konzultant
A39: jméno | B39: datum | C39: hodin
A57: celkem | C57: =SUM(C40:C56) -> 0 | D57: =COUNT(C40:C56) -> 0

Sheet únor
A1: Pracovní výkaz za měsíc | C1: únor | D1: 2024 | R1: =NOW() -> 45351.927
A3: Zaměstnanec (žák)
A4: datum | B4: den | C4: odpracováno hodin | D4: náplň práce (stručně)
A5: 45323 | B5: =IF(WEEKDAY(A5)=1, "neděle",IF(WEEKDAY(A5)=2,"pondělí",IF(WEEKDAY(A5)=3,"úterý",IF(WEEKDAY(A5)=4,"středa",IF(WEEKDAY(A5)=5,"čtvrtek",IF(WEEKDAY(A5)=6,"pátek","sobota")))))) -> čtvrtek
A6: 45324 | B6: =IF(WEEKDAY(A6)=1, "neděle",IF(WEEKDAY(A6)=2,"pondělí",IF(WEEKDAY(A6)=3,"úterý",IF(WEEKDAY(A6)=4,"středa",IF(WEEKDAY(A6)=5,"čtvrtek",IF(WEEKDAY(A6)=6,"pátek","sobota")))))) -> pátek
A7: 45325 | B7: =IF(WEEKDAY(A7)=1, "neděle",IF(WEEKDAY(A7)=2,"pondělí",IF(WEEKDAY(A7)=3,"úterý",IF(WEEKDAY(A7)=4,"středa",IF(WEEKDAY(A7)=5,"čtvrtek",IF(WEEKDAY(A7)=6,"pátek","sobota")))))) -> sobota
A8: 45326 | B8: =IF(WEEKDAY(A8)=1, "neděle",IF(WEEKDAY(A8)=2,"pondělí",IF(WEEKDAY(A8)=3,"úterý",IF(WEEKDAY(A8)=4,"středa",IF(WEEKDAY(A8)=5,"čtvrtek",IF(WEEKDAY(A8)=6,"pátek","sobota")))))) -> neděle | C8: 1 | D8: Aplikace
A9: 45327 | B9: =IF(WEEKDAY(A9)=1, "neděle",IF(WEEKDAY(A9)=2,"pondělí",IF(WEEKDAY(A9)=3,"úterý",IF(WEEKDAY(A9)=4,"středa",IF(WEEKDAY(A9)=5,"čtvrtek",IF(WEEKDAY(A9)=6,"pátek","sobota")))))) -> pondělí
A10: 45328 | B10: =IF(WEEKDAY(A10)=1, "neděle",IF(WEEKDAY(A10)=2,"pondělí",IF(WEEKDAY(A10)=3,"úterý",IF(WEEKDAY(A10)=4,"středa",IF(WEEKDAY(A10)=5,"čtvrtek",IF(WEEKDAY(A10)=6,"pátek","sobota")))))) -> úterý | C10: 1 | D10: Aplikace
A11: 45329 | B11: =IF(WEEKDAY(A11)=1, "neděle",IF(WEEKDAY(A11)=2,"pondělí",IF(WEEKDAY(A11)=3,"úterý",IF(WEEKDAY(A11)=4,"středa",IF(WEEKDAY(A11)=5,"čtvrtek",IF(WEEKDAY(A11)=6,"pátek","sobota")))))) -> středa
A12: 45330 | B12: =IF(WEEKDAY(A12)=1, "neděle",IF(WEEKDAY(A12)=2,"pondělí",IF(WEEKDAY(A12)=3,"úterý",IF(WEEKDAY(A12)=4,"středa",IF(WEEKDAY(A12)=5,"čtvrtek",IF(WEEKDAY(A12)=6,"pátek","sobota")))))) -> čtvrtek | C12: 1 | D12: Aplikace
A13: 45331 | B13: =IF(WEEKDAY(A13)=1, "neděle",IF(WEEKDAY(A13)=2,"pondělí",IF(WEEKDAY(A13)=3,"úterý",IF(WEEKDAY(A13)=4,"středa",IF(WEEKDAY(A13)=5,"čtvrtek",IF(WEEKDAY(A13)=6,"pátek","sobota")))))) -> pátek
A14: 45332 | B14: =IF(WEEKDAY(A14)=1, "neděle",IF(WEEKDAY(A14)=2,"pondělí",IF(WEEKDAY(A14)=3,"úterý",IF(WEEKDAY(A14)=4,"středa",IF(WEEKDAY(A14)=5,"čtvrtek",IF(WEEKDAY(A14)=6,"pátek","sobota")))))) -> sobota
A15: 45333 | B15: =IF(WEEKDAY(A15)=1, "neděle",IF(WEEKDAY(A15)=2,"pondělí",IF(WEEKDAY(A15)=3,"úterý",IF(WEEKDAY(A15)=4,"středa",IF(WEEKDAY(A15)=5,"čtvrtek",IF(WEEKDAY(A15)=6,"pátek","sobota")))))) -> neděle
A16: 45334 | B16: =IF(WEEKDAY(A16)=1, "neděle",IF(WEEKDAY(A16)=2,"pondělí",IF(WEEKDAY(A16)=3,"úterý",IF(WEEKDAY(A16)=4,"středa",IF(WEEKDAY(A16)=5,"čtvrtek",IF(WEEKDAY(A16)=6,"pátek","sobota")))))) -> pondělí
A17: 45335 | B17: =IF(WEEKDAY(A17)=1, "neděle",IF(WEEKDAY(A17)=2,"pondělí",IF(WEEKDAY(A17)=3,"úterý",IF(WEEKDAY(A17)=4,"středa",IF(WEEKDAY(A17)=5,"čtvrtek",IF(WEEKDAY(A17)=6,"pátek","sobota")))))) -> úterý
A18: 45336 | B18: =IF(WEEKDAY(A18)=1, "neděle",IF(WEEKDAY(A18)=2,"pondělí",IF(WEEKDAY(A18)=3,"úterý",IF(WEEKDAY(A18)=4,"středa",IF(WEEKDAY(A18)=5,"čtvrtek",IF(WEEKDAY(A18)=6,"pátek","sobota")))))) -> středa
A19: 45337 | B19: =IF(WEEKDAY(A19)=1, "neděle",IF(WEEKDAY(A19)=2,"pondělí",IF(WEEKDAY(A19)=3,"úterý",IF(WEEKDAY(A19)=4,"středa",IF(WEEKDAY(A19)=5,"čtvrtek",IF(WEEKDAY(A19)=6,"pátek","sobota")))))) -> čtvrtek
A20: 45338 | B20: =IF(WEEKDAY(A20)=1, "neděle",IF(WEEKDAY(A20)=2,"pondělí",IF(WEEKDAY(A20)=3,"úterý",IF(WEEKDAY(A20)=4,"středa",IF(WEEKDAY(A20)=5,"čtvrtek",IF(WEEKDAY(A20)=6,"pátek","sobota")))))) -> pátek | C20: 2 | D20: Aplikace
A21: 45339 | B21: =IF(WEEKDAY(A21)=1, "neděle",IF(WEEKDAY(A21)=2,"pondělí",IF(WEEKDAY(A21)=3,"úterý",IF(WEEKDAY(A21)=4,"středa",IF(WEEKDAY(A21)=5,"čtvrtek",IF(WEEKDAY(A21)=6,"pátek","sobota")))))) -> sobota
A22: 45340 | B22: =IF(WEEKDAY(A22)=1, "neděle",IF(WEEKDAY(A22)=2,"pondělí",IF(WEEKDAY(A22)=3,"úterý",IF(WEEKDAY(A22)=4,"středa",IF(WEEKDAY(A22)=5,"čtvrtek",IF(WEEKDAY(A22)=6,"pátek","sobota")))))) -> neděle
A23: 45341 | B23: =IF(WEEKDAY(A23)=1, "neděle",IF(WEEKDAY(A23)=2,"pondělí",IF(WEEKDAY(A23)=3,"úterý",IF(WEEKDAY(A23)=4,"středa",IF(WEEKDAY(A23)=5,"čtvrtek",IF(WEEKDAY(A23)=6,"pátek","sobota")))))) -> pondělí
A24: 45342 | B24: =IF(WEEKDAY(A24)=1, "neděle",IF(WEEKDAY(A24)=2,"pondělí",IF(WEEKDAY(A24)=3,"úterý",IF(WEEKDAY(A24)=4,"středa",IF(WEEKDAY(A24)=5,"čtvrtek",IF(WEEKDAY(A24)=6,"pátek","sobota")))))) -> úterý
A25: 45343 | B25: =IF(WEEKDAY(A25)=1, "neděle",IF(WEEKDAY(A25)=2,"pondělí",IF(WEEKDAY(A25)=3,"úterý",IF(WEEKDAY(A25)=4,"středa",IF(WEEKDAY(A25)=5,"čtvrtek",IF(WEEKDAY(A25)=6,"pátek","sobota")))))) -> středa | C25: 10 | D25: Aplikace
A26: 45344 | B26: =IF(WEEKDAY(A26)=1, "neděle",IF(WEEKDAY(A26)=2,"pondělí",IF(WEEKDAY(A26)=3,"úterý",IF(WEEKDAY(A26)=4,"středa",IF(WEEKDAY(A26)=5,"čtvrtek",IF(WEEKDAY(A26)=6,"pátek","sobota")))))) -> čtvrtek
A27: 45345 | B27: =IF(WEEKDAY(A27)=1, "neděle",IF(WEEKDAY(A27)=2,"pondělí",IF(WEEKDAY(A27)=3,"úterý",IF(WEEKDAY(A27)=4,"středa",IF(WEEKDAY(A27)=5,"čtvrtek",IF(WEEKDAY(A27)=6,"pátek","sobota")))))) -> pátek
A28: 45346 | B28: =IF(WEEKDAY(A28)=1, "neděle",IF(WEEKDAY(A28)=2,"pondělí",IF(WEEKDAY(A28)=3,"úterý",IF(WEEKDAY(A28)=4,"středa",IF(WEEKDAY(A28)=5,"čtvrtek",IF(WEEKDAY(A28)=6,"pátek","sobota")))))) -> sobota
A29: 45347 | B29: =IF(WEEKDAY(A29)=1, "neděle",IF(WEEKDAY(A29)=2,"pondělí",IF(WEEKDAY(A29)=3,"úterý",IF(WEEKDAY(A29)=4,"středa",IF(WEEKDAY(A29)=5,"čtvrtek",IF(WEEKDAY(A29)=6,"pátek","sobota")))))) -> neděle | C29: 10 | D29: Textová část
A30: 45348 | B30: =IF(WEEKDAY(A30)=1, "neděle",IF(WEEKDAY(A30)=2,"pondělí",IF(WEEKDAY(A30)=3,"úterý",IF(WEEKDAY(A30)=4,"středa",IF(WEEKDAY(A30)=5,"čtvrtek",IF(WEEKDAY(A30)=6,"pátek","sobota")))))) -> pondělí
A31: 45349 | B31: =IF(WEEKDAY(A31)=1, "neděle",IF(WEEKDAY(A31)=2,"pondělí",IF(WEEKDAY(A31)=3,"úterý",IF(WEEKDAY(A31)=4,"středa",IF(WEEKDAY(A31)=5,"čtvrtek",IF(WEEKDAY(A31)=6,"pátek","sobota")))))) -> úterý
A32: 45350 | B32: =IF(WEEKDAY(A32)=1, "neděle",IF(WEEKDAY(A32)=2,"pondělí",IF(WEEKDAY(A32)=3,"úterý",IF(WEEKDAY(A32)=4,"středa",IF(WEEKDAY(A32)=5,"čtvrtek",IF(WEEKDAY(A32)=6,"pátek","sobota")))))) -> středa
A33: 45351 | B33: =IF(WEEKDAY(A33)=1, "neděle",IF(WEEKDAY(A33)=2,"pondělí",IF(WEEKDAY(A33)=3,"úterý",IF(WEEKDAY(A33)=4,"středa",IF(WEEKDAY(A33)=5,"čtvrtek",IF(WEEKDAY(A33)=6,"pátek","sobota")))))) -> čtvrtek
A36: celkem | C36: =SUM(C5:C32) -> 25 | D36: =COUNT(C5:C32) -> 6
A38: Konzultant
A39: jméno | B39: datum | C39: hodin
A40: Ing. Vladimír Křivka, Phd | B40: 45345 | C40: 1 | D40: Konzultace ohledně textové části
A57: celkem | C57: =SUM(C40:C56) -> 1 | D57: =COUNT(C40:C56) -> 1

Sheet březen
A1: Pracovní výkaz za měsíc | C1: březen | D1: 2024 | R1: =NOW() -> 45351.927
A3: Zaměstnanec (žák)
A4: datum | B4: den | C4: odpracováno hodin | D4: náplň práce (stručně)
A5: 45352 | B5: =IF(WEEKDAY(A5)=1, "neděle",IF(WEEKDAY(A5)=2,"pondělí",IF(WEEKDAY(A5)=3,"úterý",IF(WEEKDAY(A5)=4,"středa",IF(WEEKDAY(A5)=5,"čtvrtek",IF(WEEKDAY(A5)=6,"pátek","sobota")))))) -> pátek
A36: celkem | C36: =SUM(C5:C35) -> 0 | D36: =COUNT(C5:C35) -> 0
A38: Konzultant
A39: jméno | B39: datum | C39: hodin
A57: celkem | C57: =SUM(C40:C56) -> 0 | D57: =COUNT(C40:C56) -> 0
